expiration,contracts,num_strikes,max_pain_strike,holder_payout_proxy
2026-10-27,158630,587,4.35e-06,0.0033055249999999997
2026-11-24,403423,663,4.375e-06,0.007969995
2026-12-28,53197,499,4.375e-06,0.0009154950000000003
2027-01-26,58893,409,4.44e-06,0.0016302299999999999
2027-02-23,30437,248,4.4e-06,0.00032301499999999996
2027-03-24,28869,250,4.45e-06,0.0005854999999999999
2027-04-27,3965,116,4.785e-06,0.00025158499999999997
2027-05-25,25971,147,4.5e-06,0.00031138499999999996
2027-06-24,458,36,4.39e-06,2.310000000000004e-06
2027-07-27,5271,38,4.355e-06,3.304999999999999e-06
2027-08-26,665,9,4.15e-06,0.0
2027-09-27,404,6,3.9e-06,0.0
2027-11-23,2973,18,5.65e-06,0.0003587499999999999
2027-12-28,2,2,5.1e-06,0.0
2028-01-26,15,2,4.4e-06,0.0
2028-03-28,10,2,4.4e-06,0.0
2028-04-25,40,2,4.5e-06,0.0
2028-06-27,50,2,4.5e-06,0.0
2028-11-27,151,3,5e-06,0.0
